<?xml version="1.0" encoding="UTF-8"?>
<metadata xml:lang="en"><Esri><CreaDate>20220613</CreaDate><CreaTime>10432500</CreaTime><ArcGISFormat>1.0</ArcGISFormat><SyncOnce>TRUE</SyncOnce><DataProperties><lineage><Process ToolSource="c:\program files (x86)\arcgis\desktop10.5\ArcToolbox\Toolboxes\Data Management Tools.tbx\CalculateField" Date="20210401" Time="193901">CalculateField RAP_Template_v2104 Comment "This is an example" PYTHON_9.3 #</Process><Process ToolSource="c:\program files (x86)\arcgis\desktop10.8\ArcToolbox\Toolboxes\Data Management Tools.tbx\AlterField" Date="20210918" Time="200321">AlterField RAP_Template_v2109 NumClusters NumCluster NumberOfClusters SHORT 2 NON_NULLABLE false</Process><Process ToolSource="c:\program files (x86)\arcgis\desktop10.8\ArcToolbox\Toolboxes\Data Management Tools.tbx\Append" Date="20220525" Time="112515">Append RAP_Template_v2109_hearst RAP_Template_v2205 NO_TEST "ProjectID "ProjectID" true false false 50 Text 0 0 ,First,#,RAP_Template_v2109_hearst,ProjectID,-1,-1;NumCluster "NumberOfClusters" true false false 2 Short 0 0 ,First,#,RAP_Template_v2109_hearst,NumCluster,-1,-1;FMU "FMU" true false false 50 Text 0 0 ,First,#,RAP_Template_v2109_hearst,FMU,-1,-1;District "District" true false false 50 Text 0 0 ,First,#,RAP_Template_v2109_hearst,District,-1,-1;Area_ha "Area_ha" true true false 4 Float 0 0 ,First,#,RAP_Template_v2109_hearst,Area_ha,-1,-1;MNRF_AS_YR "MNRF Assessment Year" true true false 2 Short 0 0 ,First,#,RAP_Template_v2109_hearst,MNRF_AS_YR,-1,-1;YRDEP "YRDEP" true true false 2 Short 0 0 ,First,#,RAP_Template_v2109_hearst,YRDEP,-1,-1;DepletionFU "DepletionFU" true true false 50 Text 0 0 ,First,#,RAP_Template_v2109_hearst,DepletionFU,-1,-1;YRORG "YRORG" true true false 2 Short 0 0 ,First,#,RAP_Template_v2109_hearst,YRORG,-1,-1;SILVSYS "SILVSYS" true true false 50 Text 0 0 ,First,#,RAP_Template_v2109_hearst,SILVSYS,-1,-1;SGR "Silvicultural Ground Rule Code" true true false 50 Text 0 0 ,First,#,RAP_Template_v2109_hearst,SGR,-1,-1;TargetFU "Target Forest Unit" true true false 50 Text 0 0 ,First,#,RAP_Template_v2109_hearst,TargetFU,-1,-1;TargetSpc "Target Species" true true false 50 Text 0 0 ,First,#,RAP_Template_v2109_hearst,TargetSpc,-1,-1;TargetSO "TargetSO" true true false 4 Float 0 0 ,First,#,RAP_Template_v2109_hearst,TargetSO,-1,-1;SFL_Name "SFL_Name" true true false 50 Text 0 0 ,First,#,RAP_Template_v2109_hearst,SFL_Name,-1,-1;SFL_AsMethod "SFL Assessment Method" true true false 50 Text 0 0 ,First,#,RAP_Template_v2109_hearst,SFL_AsMethod,-1,-1;SFL_AS_YR "SFL Assessment Year" true true false 2 Short 0 0 ,First,#,RAP_Template_v2109_hearst,SFL_AS_YR,-1,-1;SFL_SPCOMP "SFL_SPCOMP" true true false 50 Text 0 0 ,First,#,RAP_Template_v2109_hearst,SFL_SPCOMP,-1,-1;SFL_SO "SFL Site Occupancy" true true false 4 Float 0 0 ,First,#,RAP_Template_v2109_hearst,SFL_SO,-1,-1;SFL_FU "SFL Forest Unit" true true false 50 Text 0 0 ,First,#,RAP_Template_v2109_hearst,SFL_FU,-1,-1;SFL_EffDens "SFL_EffDens" true true false 2 Short 0 0 ,First,#,RAP_Template_v2109_hearst,SFL_EffDens,-1,-1;Comment "Comment" true true false 1000 Text 0 0 ,First,#,RAP_Template_v2109_hearst,Comment,-1,-1;IS_TEST "IS_TEST" true true false 1 Text 0 0 ,First,#,RAP_Template_v2109_hearst,IS_TEST,-1,-1;SHAPE_Length "SHAPE_Length" false true true 8 Double 0 0 ,First,#,RAP_Template_v2109_hearst,SHAPE_Length,-1,-1;SHAPE_Area "SHAPE_Area" false true true 8 Double 0 0 ,First,#,RAP_Template_v2109_hearst,SHAPE_Area,-1,-1" #</Process><Process ToolSource="c:\program files (x86)\arcgis\desktop10.8\ArcToolbox\Toolboxes\Data Management Tools.tbx\CalculateField" Date="20220525" Time="113129">CalculateField RAP_Template_v2205 ORG_NumberOfClusters [NumCluster] VB #</Process><Process ToolSource="c:\program files (x86)\arcgis\desktop10.8\ArcToolbox\Toolboxes\Data Management Tools.tbx\CalculateField" Date="20220525" Time="134023">CalculateField RAP_Template_v2205 NumCluster get_NumCluster( !Area_ha!) PYTHON_9.3 "def get_NumCluster(area_ha):
  if area_ha &gt; 60.0:
    num_cluster = round(30 + area_ha/2, 0)
  elif area_ha &gt; 30.0:
    num_cluster = round(area_ha ,0)
  elif area_ha &gt; 8.0:
    num_cluster = 30
  else:
    num_cluster = 0
  return num_cluster
"</Process><Process ToolSource="c:\program files (x86)\arcgis\desktop10.8\ArcToolbox\Toolboxes\Data Management Tools.tbx\CalculateField" Date="20220526" Time="154426">CalculateField RAP_Template_v2205 NumCluster [ORG_NumberOfClusters] VB #</Process><Process ToolSource="c:\program files (x86)\arcgis\desktop10.8\ArcToolbox\Toolboxes\Data Management Tools.tbx\Append" Date="20220526" Time="154526">Append RAP_Template_v2109 RAP_Template_v2205 NO_TEST "ProjectID "ProjectID" true false false 50 Text 0 0 ,First,#,RAP_Template_v2109,ProjectID,-1,-1;NumCluster "NumberOfClusters" true false false 2 Short 0 0 ,First,#,RAP_Template_v2109,NumCluster,-1,-1;FMU "FMU" true false false 50 Text 0 0 ,First,#,RAP_Template_v2109,FMU,-1,-1;District "District" true false false 50 Text 0 0 ,First,#,RAP_Template_v2109,District,-1,-1;Area_ha "Area_ha" true true false 4 Float 0 0 ,First,#,RAP_Template_v2109,Area_ha,-1,-1;MNRF_AS_YR "MNRF Assessment Year" true true false 2 Short 0 0 ,First,#,RAP_Template_v2109,MNRF_AS_YR,-1,-1;YRDEP "YRDEP" true true false 2 Short 0 0 ,First,#,RAP_Template_v2109,YRDEP,-1,-1;DepletionFU "DepletionFU" true true false 50 Text 0 0 ,First,#,RAP_Template_v2109,DepletionFU,-1,-1;YRORG "YRORG" true true false 2 Short 0 0 ,First,#,RAP_Template_v2109,YRORG,-1,-1;SILVSYS "SILVSYS" true true false 50 Text 0 0 ,First,#,RAP_Template_v2109,SILVSYS,-1,-1;SGR "Silvicultural Ground Rule Code" true true false 50 Text 0 0 ,First,#,RAP_Template_v2109,SGR,-1,-1;TargetFU "Target Forest Unit" true true false 50 Text 0 0 ,First,#,RAP_Template_v2109,TargetFU,-1,-1;TargetSpc "Target Species" true true false 50 Text 0 0 ,First,#,RAP_Template_v2109,TargetSpc,-1,-1;TargetSO "TargetSO" true true false 4 Float 0 0 ,First,#,RAP_Template_v2109,TargetSO,-1,-1;SFL_Name "SFL_Name" true true false 50 Text 0 0 ,First,#,RAP_Template_v2109,SFL_Name,-1,-1;SFL_AsMethod "SFL Assessment Method" true true false 50 Text 0 0 ,First,#,RAP_Template_v2109,SFL_AsMethod,-1,-1;SFL_AS_YR "SFL Assessment Year" true true false 2 Short 0 0 ,First,#,RAP_Template_v2109,SFL_AS_YR,-1,-1;SFL_SPCOMP "SFL_SPCOMP" true true false 50 Text 0 0 ,First,#,RAP_Template_v2109,SFL_SPCOMP,-1,-1;SFL_SO "SFL Site Occupancy" true true false 4 Float 0 0 ,First,#,RAP_Template_v2109,SFL_SO,-1,-1;SFL_FU "SFL Forest Unit" true true false 50 Text 0 0 ,First,#,RAP_Template_v2109,SFL_FU,-1,-1;SFL_EffDens "SFL_EffDens" true true false 2 Short 0 0 ,First,#,RAP_Template_v2109,SFL_EffDens,-1,-1;Comment "Comment" true true false 1000 Text 0 0 ,First,#,RAP_Template_v2109,Comment,-1,-1;IS_TEST "IS_TEST" true true false 1 Text 0 0 ,First,#,RAP_Template_v2109,IS_TEST,-1,-1;SHAPE_Length "SHAPE_Length" false true true 8 Double 0 0 ,First,#,RAP_Template_v2109,SHAPE_Length,-1,-1;SHAPE_Area "SHAPE_Area" false true true 8 Double 0 0 ,First,#,RAP_Template_v2109,SHAPE_Area,-1,-1" #</Process><Process ToolSource="c:\program files (x86)\arcgis\desktop10.8\ArcToolbox\Toolboxes\Data Management Tools.tbx\CalculateField" Date="20220526" Time="155202">CalculateField RAP_2022_05 Contact 'Josh Breau' PYTHON_9.3 #</Process><Process ToolSource="c:\program files (x86)\arcgis\desktop10.8\ArcToolbox\Toolboxes\Data Management Tools.tbx\CalculateField" Date="20220526" Time="155219">CalculateField RAP_2022_05 Contact 'Francisco Murphy' PYTHON_9.3 #</Process><Process ToolSource="c:\program files (x86)\arcgis\desktop10.8\ArcToolbox\Toolboxes\Data Management Tools.tbx\Append" Date="20220527" Time="191136">Append RAP_Template_Algoma2022 RAP_2022_05 NO_TEST "ProjectID "ProjectID" true false false 50 Text 0 0 ,First,#,RAP_Template_Algoma2022,ProjectID,-1,-1;NumCluster "NumberOfClusters" true false false 2 Short 0 0 ,First,#,RAP_Template_Algoma2022,NumCluster,-1,-1;FMU "FMU" true false false 50 Text 0 0 ,First,#,RAP_Template_Algoma2022,FMU,-1,-1;District "District" true false false 50 Text 0 0 ,First,#,RAP_Template_Algoma2022,District,-1,-1;Area_ha "Area_ha" true true false 4 Float 0 0 ,First,#,RAP_Template_Algoma2022,Area_ha,-1,-1;MNRF_AS_YR "MNRF Assessment Year" true true false 2 Short 0 0 ,First,#,RAP_Template_Algoma2022,MNRF_AS_YR,-1,-1;YRDEP "YRDEP" true true false 2 Short 0 0 ,First,#,RAP_Template_Algoma2022,YRDEP,-1,-1;DepletionFU "DepletionFU" true true false 50 Text 0 0 ,First,#,RAP_Template_Algoma2022,DepletionF,-1,-1;YRORG "YRORG" true true false 2 Short 0 0 ,First,#,RAP_Template_Algoma2022,YRORG,-1,-1;SILVSYS "SILVSYS" true true false 50 Text 0 0 ,First,#,RAP_Template_Algoma2022,SILVSYS,-1,-1;SGR "Silvicultural Ground Rule Code" true true false 50 Text 0 0 ,First,#,RAP_Template_Algoma2022,SGR,-1,-1;TargetFU "Target Forest Unit" true true false 50 Text 0 0 ,First,#,RAP_Template_Algoma2022,TargetFU,-1,-1;TargetSpc "Target Species" true true false 50 Text 0 0 ,First,#,RAP_Template_Algoma2022,TargetSpc,-1,-1;TargetSO "TargetSO" true true false 4 Float 0 0 ,First,#,RAP_Template_Algoma2022,TargetSO,-1,-1;SFL_Name "SFL_Name" true true false 50 Text 0 0 ,First,#,RAP_Template_Algoma2022,SFL_Name,-1,-1;SFL_AsMethod "SFL Assessment Method" true true false 50 Text 0 0 ,First,#,RAP_Template_Algoma2022,SFL_AsMeth,-1,-1;SFL_AS_YR "SFL Assessment Year" true true false 2 Short 0 0 ,First,#,RAP_Template_Algoma2022,SFL_AS_YR,-1,-1;SFL_SPCOMP "SFL_SPCOMP" true true false 50 Text 0 0 ,First,#,RAP_Template_Algoma2022,SFL_SPCOMP,-1,-1;SFL_SO "SFL Site Occupancy" true true false 4 Float 0 0 ,First,#,RAP_Template_Algoma2022,SFL_SO,-1,-1;SFL_FU "SFL Forest Unit" true true false 50 Text 0 0 ,First,#,RAP_Template_Algoma2022,SFL_FU,-1,-1;SFL_EffDens "SFL_EffDens" true true false 2 Short 0 0 ,First,#,RAP_Template_Algoma2022,SFL_EffDen,-1,-1;Comment "Comment" true true false 1000 Text 0 0 ,First,#,RAP_Template_Algoma2022,Comment,-1,-1;IS_TEST "IS_TEST" true true false 1 Text 0 0 ,First,#,RAP_Template_Algoma2022,IS_TEST,-1,-1;SHAPE_Length "SHAPE_Length" false true true 8 Double 0 0 ,First,#,RAP_Template_Algoma2022,SHAPE_Leng,-1,-1;SHAPE_Area "SHAPE_Area" false true true 8 Double 0 0 ,First,#,RAP_Template_Algoma2022,SHAPE_Area,-1,-1;Contact "Contact" true true false 50 Text 0 0 ,First,#;lat "lat" true true false 4 Float 0 0 ,First,#;lon "lon" true true false 4 Float 0 0 ,First,#" #</Process><Process ToolSource="c:\program files (x86)\arcgis\desktop10.8\ArcToolbox\Toolboxes\Data Management Tools.tbx\CalculateField" Date="20220527" Time="191327">CalculateField RAP_2022_05 Contact "Lucie Harvey" VB #</Process><Process ToolSource="c:\program files (x86)\arcgis\desktop10.8\ArcToolbox\Toolboxes\Data Management Tools.tbx\CalculateField" Date="20220527" Time="191608">CalculateField RAP_2022_05 ORG_ProjectID [ProjectID] VB #</Process><Process ToolSource="c:\program files (x86)\arcgis\desktop10.8\ArcToolbox\Toolboxes\Data Management Tools.tbx\CalculateField" Date="20220527" Time="191902">CalculateField RAP_2022_05 ProjectID "%s-%s"%(!District![:3].upper(), !ProjectID!.upper()) PYTHON_9.3 #</Process><Process ToolSource="c:\program files (x86)\arcgis\desktop10.8\ArcToolbox\Toolboxes\Data Management Tools.tbx\CalculateField" Date="20220527" Time="193739">CalculateField RAP_2022_05 NumCluster 68 VB #</Process><Process ToolSource="c:\program files (x86)\arcgis\desktop10.8\ArcToolbox\Toolboxes\Data Management Tools.tbx\Append" Date="20220605" Time="192702">Append RAP_Template_v2109_SudburySpanish RAP_2022_05 NO_TEST "ProjectID "ProjectID" true false false 50 Text 0 0 ,First,#,RAP_Template_v2109_SudburySpanish,ProjectID,-1,-1;NumCluster "NumberOfClusters" true false false 2 Short 0 0 ,First,#,RAP_Template_v2109_SudburySpanish,NumCluster,-1,-1;FMU "FMU" true false false 50 Text 0 0 ,First,#,RAP_Template_v2109_SudburySpanish,FMU,-1,-1;District "District" true false false 50 Text 0 0 ,First,#,RAP_Template_v2109_SudburySpanish,District,-1,-1;Area_ha "Area_ha" true true false 4 Float 0 0 ,First,#,RAP_Template_v2109_SudburySpanish,Area_ha,-1,-1;MNRF_AS_YR "MNRF Assessment Year" true true false 2 Short 0 0 ,First,#,RAP_Template_v2109_SudburySpanish,MNRF_AS_YR,-1,-1;YRDEP "YRDEP" true true false 2 Short 0 0 ,First,#,RAP_Template_v2109_SudburySpanish,YRDEP,-1,-1;DepletionFU "DepletionFU" true true false 50 Text 0 0 ,First,#,RAP_Template_v2109_SudburySpanish,DepletionFU,-1,-1;YRORG "YRORG" true true false 2 Short 0 0 ,First,#,RAP_Template_v2109_SudburySpanish,YRORG,-1,-1;SILVSYS "SILVSYS" true true false 50 Text 0 0 ,First,#,RAP_Template_v2109_SudburySpanish,SILVSYS,-1,-1;SGR "Silvicultural Ground Rule Code" true true false 50 Text 0 0 ,First,#,RAP_Template_v2109_SudburySpanish,SGR,-1,-1;TargetFU "Target Forest Unit" true true false 50 Text 0 0 ,First,#,RAP_Template_v2109_SudburySpanish,TargetFU,-1,-1;TargetSpc "Target Species" true true false 50 Text 0 0 ,First,#,RAP_Template_v2109_SudburySpanish,TargetSpc,-1,-1;TargetSO "TargetSO" true true false 4 Float 0 0 ,First,#,RAP_Template_v2109_SudburySpanish,TargetSO,-1,-1;SFL_Name "SFL_Name" true true false 50 Text 0 0 ,First,#,RAP_Template_v2109_SudburySpanish,SFL_Name,-1,-1;SFL_AsMethod "SFL Assessment Method" true true false 50 Text 0 0 ,First,#,RAP_Template_v2109_SudburySpanish,SFL_AsMethod,-1,-1;SFL_AS_YR "SFL Assessment Year" true true false 2 Short 0 0 ,First,#,RAP_Template_v2109_SudburySpanish,SFL_AS_YR,-1,-1;SFL_SPCOMP "SFL_SPCOMP" true true false 50 Text 0 0 ,First,#,RAP_Template_v2109_SudburySpanish,SFL_SPCOMP,-1,-1;SFL_SO "SFL Site Occupancy" true true false 4 Float 0 0 ,First,#,RAP_Template_v2109_SudburySpanish,SFL_SO,-1,-1;SFL_FU "SFL Forest Unit" true true false 50 Text 0 0 ,First,#,RAP_Template_v2109_SudburySpanish,SFL_FU,-1,-1;SFL_EffDens "SFL_EffDens" true true false 2 Short 0 0 ,First,#,RAP_Template_v2109_SudburySpanish,SFL_EffDens,-1,-1;Comment "Comment" true true false 1000 Text 0 0 ,First,#,RAP_Template_v2109_SudburySpanish,Comment,-1,-1;IS_TEST "IS_TEST" true true false 1 Text 0 0 ,First,#,RAP_Template_v2109_SudburySpanish,IS_TEST,-1,-1;SHAPE_Length "SHAPE_Length" false true true 8 Double 0 0 ,First,#,RAP_Template_v2109_SudburySpanish,SHAPE_Length,-1,-1;SHAPE_Area "SHAPE_Area" false true true 8 Double 0 0 ,First,#,RAP_Template_v2109_SudburySpanish,SHAPE_Area,-1,-1;Contact "Contact" true true false 50 Text 0 0 ,First,#;lat "lat" true true false 4 Float 0 0 ,First,#;lon "lon" true true false 4 Float 0 0 ,First,#;ORG_ProjectID "ORG_ProjectID" true true false 50 Text 0 0 ,First,#,RAP_Template_v2109_SudburySpanish,ProjectID,-1,-1" #</Process><Process ToolSource="c:\program files (x86)\arcgis\desktop10.8\ArcToolbox\Toolboxes\Data Management Tools.tbx\CalculateField" Date="20220605" Time="192747">CalculateField RAP_2022_05 ProjectID !ORG_ProjectID!.upper() PYTHON_9.3 #</Process><Process ToolSource="c:\program files (x86)\arcgis\desktop10.8\ArcToolbox\Toolboxes\Data Management Tools.tbx\CalculateField" Date="20220605" Time="192829">CalculateField RAP_2022_05 Contact 'Bob Robinson' PYTHON_9.3 #</Process><Process ToolSource="c:\program files (x86)\arcgis\desktop10.8\ArcToolbox\Toolboxes\Data Management Tools.tbx\Append" Date="20220611" Time="105738">Append RAP_Template_v2109 RAP_2022_05 NO_TEST "ProjectID "ProjectID" true false false 50 Text 0 0 ,First,#,RAP_Template_v2109,ProjectID,-1,-1;NumCluster "NumberOfClusters" true false false 2 Short 0 0 ,First,#,RAP_Template_v2109,NumCluster,-1,-1;FMU "FMU" true false false 50 Text 0 0 ,First,#,RAP_Template_v2109,FMU,-1,-1;District "District" true false false 50 Text 0 0 ,First,#,RAP_Template_v2109,District,-1,-1;Area_ha "Area_ha" true true false 4 Float 0 0 ,First,#,RAP_Template_v2109,Area_ha,-1,-1;MNRF_AS_YR "MNRF Assessment Year" true true false 2 Short 0 0 ,First,#,RAP_Template_v2109,MNRF_AS_YR,-1,-1;YRDEP "YRDEP" true true false 2 Short 0 0 ,First,#,RAP_Template_v2109,YRDEP,-1,-1;DepletionFU "DepletionFU" true true false 50 Text 0 0 ,First,#,RAP_Template_v2109,DepletionFU,-1,-1;YRORG "YRORG" true true false 2 Short 0 0 ,First,#,RAP_Template_v2109,YRORG,-1,-1;SILVSYS "SILVSYS" true true false 50 Text 0 0 ,First,#,RAP_Template_v2109,SILVSYS,-1,-1;SGR "Silvicultural Ground Rule Code" true true false 50 Text 0 0 ,First,#,RAP_Template_v2109,SGR,-1,-1;TargetFU "Target Forest Unit" true true false 50 Text 0 0 ,First,#,RAP_Template_v2109,TargetFU,-1,-1;TargetSpc "Target Species" true true false 50 Text 0 0 ,First,#,RAP_Template_v2109,TargetSpc,-1,-1;TargetSO "TargetSO" true true false 4 Float 0 0 ,First,#,RAP_Template_v2109,TargetSO,-1,-1;SFL_Name "SFL_Name" true true false 50 Text 0 0 ,First,#,RAP_Template_v2109,SFL_Name,-1,-1;SFL_AsMethod "SFL Assessment Method" true true false 50 Text 0 0 ,First,#,RAP_Template_v2109,SFL_AsMethod,-1,-1;SFL_AS_YR "SFL Assessment Year" true true false 2 Short 0 0 ,First,#,RAP_Template_v2109,SFL_AS_YR,-1,-1;SFL_SPCOMP "SFL_SPCOMP" true true false 50 Text 0 0 ,First,#,RAP_Template_v2109,SFL_SPCOMP,-1,-1;SFL_SO "SFL Site Occupancy" true true false 4 Float 0 0 ,First,#,RAP_Template_v2109,SFL_SO,-1,-1;SFL_FU "SFL Forest Unit" true true false 50 Text 0 0 ,First,#,RAP_Template_v2109,SFL_FU,-1,-1;SFL_EffDens "SFL_EffDens" true true false 2 Short 0 0 ,First,#,RAP_Template_v2109,SFL_EffDens,-1,-1;Comment "Comment" true true false 1000 Text 0 0 ,First,#,RAP_Template_v2109,Comment,-1,-1;IS_TEST "IS_TEST" true true false 1 Text 0 0 ,First,#,RAP_Template_v2109,IS_TEST,-1,-1;SHAPE_Length "SHAPE_Length" false true true 8 Double 0 0 ,First,#,RAP_Template_v2109,SHAPE_Length,-1,-1;SHAPE_Area "SHAPE_Area" false true true 8 Double 0 0 ,First,#,RAP_Template_v2109,SHAPE_Area,-1,-1;Contact "Contact" true true false 50 Text 0 0 ,First,#;lat "lat" true true false 4 Float 0 0 ,First,#;lon "lon" true true false 4 Float 0 0 ,First,#;ORG_ProjectID "ORG_ProjectID" true true false 50 Text 0 0 ,First,#,RAP_Template_v2109,ProjectID,-1,-1" #</Process><Process ToolSource="c:\program files (x86)\arcgis\desktop10.8\ArcToolbox\Toolboxes\Data Management Tools.tbx\CalculateField" Date="20220611" Time="110013">CalculateField RAP_2022_05 ProjectID "%s-%s"%(!District![:3].upper().replace(' ','-'), !ProjectID!.upper()) PYTHON_9.3 #</Process><Process ToolSource="c:\program files (x86)\arcgis\desktop10.8\ArcToolbox\Toolboxes\Data Management Tools.tbx\CalculateField" Date="20220611" Time="110443">CalculateField RAP_2022_05 ProjectID projid( !District!, !ORG_ProjectID!) PYTHON_9.3 "def projid(dist,orig_projid):
  new_projid = "%s-%s"%(dist[:3].upper(), orig_projid.upper())
  new_projid = new_projid.replace(' ','-')
  return new_projid"</Process><Process ToolSource="c:\program files (x86)\arcgis\desktop10.8\ArcToolbox\Toolboxes\Data Management Tools.tbx\CalculateField" Date="20220611" Time="110627">CalculateField RAP_2022_05 Contact 'Bill Moryto' PYTHON_9.3 #</Process></lineage><itemProps><itemLocation><linkage Sync="TRUE">file://\\ON34C03073111\C$\Users\kimdan\OneDrive - Government of Ontario\2022\RAP_2022\script\script2022\Proj_shp\2022.gdb</linkage><protocol Sync="TRUE">Local Area Network</protocol></itemLocation></itemProps></DataProperties></Esri></metadata>
