OBJECTID,ProjectID,NumCluster,FMU,District,Area_ha,MNRF_AS_YR,YRDEP,DepletionFU,YRORG,SILVSYS,SGR,TargetFU,TargetSpc,TargetSO,SFL_Name,SFL_AsMethod,SFL_AS_YR,SFL_SPCOMP,SFL_SO,SFL_FU,SFL_EffDens,Comment,IS_TEST,SHAPE_Length,SHAPE_Area,Contact,lat,lon,ORG_ProjectID
2,HEA-AREA236-58,94,Hearst,Hearst,125.8890152,2022,2000,,2000,CC,LC1-Ext-LC1,SB1,SB,0.6000000,HFMI,Aerial,2019,CW  50LA  30SB  20,0.6000000,LC1,,,N,19502.365734655413689,1258890.147990458877757,Josh Breau,50.0038223,-84.6723328,AREA236-58
3,HEA-MULL-65,76,Hearst,Hearst,91.9051514,2022,2000,SB1,2000,CC,SB1-Ext-SB1,SB1,SB,0.6000000,HFMI,Aerial,2019,CW  50SB  30LA  20,0.7000000,LC1,,,N,7903.501533045649921,919051.477597533375956,Josh Breau,49.9722977,-84.7076569,MULL-65
4,HEA-MER-78,30,Hearst,Hearst,17.2585411,2022,2002,SB1,2002,CC,SB1-Ext-SB1,SB1,SB,0.6000000,HFMI,Aerial,2019,LA  30PT  30BF  20BW  10CW  10,0.7000000,MW1,,,N,2442.776229765804146,172585.416363585012732,Josh Breau,49.6009102,-85.0034637,MER-78
5,HEA-MER-91,88,Hearst,Hearst,115.6759567,2022,2002,SB1,2002,CC,SB1-Ext-SB1,SB1,SB,0.6000000,HFMI,Aerial,2019,LA  40SB  40CW  20,0.5000000,LC1,,,N,6457.777029088897507,1156759.602728773141280,Josh Breau,49.6534882,-84.9428635,MER-91
6,HEA-BURR-92,65,Hearst,Hearst,69.0646286,2022,2003,SB1,2003,CC,SB1-Ext-SB1,SB1,SB,0.6000000,HFMI,Aerial,2019,LA  40SB  40CW  20,0.7000000,LC1,,,N,6549.958027344963739,690646.322777520632371,Josh Breau,50.0321770,-84.9720688,BURR-92
7,HEA-SHUEL-133,42,Hearst,Hearst,41.2851868,2022,2002,MW2C,2002,CC,MW2H-Ext-MW2H,PO1,"Pt, Sb, Sw",0.6000000,HFMI,Aerial,2019,PT  50BF  10PB  10SB  10BW  10LA  10,0.9000000,PO1,,,N,3082.123657425702731,412851.862050482304767,Josh Breau,49.9595947,-85.0345840,SHUEL-133
8,HEA-MULL-156,94,Hearst,Hearst,126.9892349,2022,2001,SF1,2001,CC,SB1-Ext-SB1,SB1,SB,0.6000000,HFMI,Aerial,2019,SB  40CW  30LA  20BW  10,0.6000000,SF1,,,N,6172.671021085191569,1269892.338379574241117,Josh Breau,49.9664726,-84.7196121,MULL-156
9,HEA-FINT-188,62,Hearst,Hearst,63.8750763,2022,2001,LC1,2001,CC,LC1-Ext-LC1,SB1,SB,0.6000000,HFMI,Aerial,2019,SB  50CW  30LA  20,0.7000000,LC1,,,N,7486.059594357325295,638750.771518741501495,Josh Breau,49.9672012,-84.6789932,FINT-188
10,HEA-BURR-190,136,Hearst,Hearst,209.3356476,2022,2003,LC1,2003,CC,SB1-Ext-SB1,SB1,SB,0.6000000,HFMI,Aerial,2019,SB  50CW  30LA  20,0.8000000,LC1,,,N,11520.172710233548059,2093356.444524909369648,Josh Breau,50.0313034,-84.9863739,BURR-190
11,HEA-BURR-195,77,Hearst,Hearst,93.3897171,2022,2001,SF1,2001,CC,SF1-Ext-SF1,SB1,SB,0.6000000,HFMI,Aerial,2019,SB  50LA  20CW  20BW  10,0.7000000,LC1,,,N,13077.919808661967181,933897.178958810865879,Josh Breau,49.9800682,-84.9169006,BURR-195
12,HEA-BURR-209,171,Hearst,Hearst,279.7481384,2022,1998,LC1,1998,CC,LC1-Ext-LC1,SB1,SB,0.6000000,HFMI,Aerial,2019,SB  50LA  30CW  20,0.7000000,LC1,,,N,19015.995611739654123,2797481.383389233145863,Josh Breau,50.0161285,-84.9230576,BURR-209
13,HEA-BURR-218,90,Hearst,Hearst,119.2485046,2022,1998,LC1,1998,CC,LC1-Ext-LC1,SB1,SB,0.6000000,HFMI,Aerial,2019,SB  60CW  20LA  20,0.7000000,LC1,,,N,11304.006007358630086,1192485.075068659149110,Josh Breau,50.0198441,-84.9549255,BURR-218
14,HEA-SHUEL-244,61,Hearst,Hearst,61.5032692,2022,2002,SB1,2002,CC,SB1-Ext-SB1,SB1,SB,0.6000000,HFMI,Aerial,2019,SB  60LA  30CW  10,0.7000000,SF1,,,N,4555.404013042045335,615032.674344589468092,Josh Breau,49.9537010,-85.0282898,SHUEL-244
15,HEA-BURR-265,30,Hearst,Hearst,22.0428314,2022,1996,LC1,1996,CC,LC1-Ext-LC1,SB1,SB,0.6000000,HFMI,Aerial,2019,SB  80LA  20,0.8000000,SB1,,,N,4643.388784797254630,220428.323381456924835,Josh Breau,49.9738503,-84.9337540,BURR-265
16,HEA-AREA236-268,100,Hearst,Hearst,137.8027191,2022,2000,MW2H,2012,CC,MW2H-Int-SP1,SP1,"Pj, Sb, Sw",0.7000000,HFMI,Aerial,2019,SB 100,0.8000000,SP1,,PB 2011; Planted 2012,N,6996.338247588479135,1378027.163204253418371,Josh Breau,49.9788895,-84.6640854,AREA236-268
17,NOR-GARROW_1,30,Nipissing,North Bay,10.6255999,2021,2012,BW,2012,CC,BW-BW-E,BW,PO BW,0.8000000,NFRM,Ground,2019,BF  50PO  20MR  20SB  10,0.5000000,SF,,,N,3136.975794108107948,106255.994662728378898,Francisco Murphy,46.6130104,-79.3286972,GARROW_1
18,NOR-HENRY_CRERAR_2,79,Nipissing,North Bay,127.1692276,2021,2010,MW,2010,CC,MW-MW-E,MW,PW PR PJ SW SB HE CE MH MR BD BE OR CB BY,0.6000000,NFRM,Ground,2019,PO  50BW  20PW  10BF  10SB  10,0.9000000,PO,,,N,16097.356671462042868,1271692.308048353996128,Francisco Murphy,46.6128616,-80.3678284,HENRY_CRERAR_2
19,NOR-RABBIT_3,41,Nipissing,North Bay,40.4342079,2021,2009,SF,2009,CC,SF-SF-E,SF,SB SW BF CE,0.6000000,NFRM,Ground,2019,MR  50OR  20BF  10BW  10PO  10,0.9000000,MW,,,N,8479.113688573806940,404342.081947891332675,Francisco Murphy,46.6443748,-79.9181671,RABBIT_3
20,NOR-KLOCKS_4,30,Nipissing,North Bay,23.0809021,2021,2008,PWST,2008,CC,PWST-PWST-B,PWST,PW PR SW SB SR OR,0.7000000,NFRM,Ground,2019,PW  50MR  20PO  10BW  10BF  10,0.9000000,PWST,,,N,4113.762297977608796,230809.014708974777022,Francisco Murphy,46.2225723,-78.5719910,KLOCKS_4
21,NOR-HWY63_5,42,Nipissing,North Bay,41.3870049,2021,2003,MCL,2003,CC,MCL-MCL-E,MCL,SB CE LA,0.6000000,NFRM,Ground,2019,CE  40BF  20SB  20BY  10MH  10,1.0000000,SF,,,N,7256.184614227223392,413870.057846330048051,Francisco Murphy,46.5934830,-79.1522522,HWY63_5
22,NOR-HENRY_CRERAR_6,30,Nipissing,North Bay,24.6016674,2021,2004,PO,2004,SH,PO-PWUS-I1,PWUS,PW PR SW SB SR OR,0.8000000,NFRM,Ground,2019,PR  60PW  20MR  10MH  10,1.0000000,PWUS,,,N,3337.308725085230890,246016.666028678533621,Francisco Murphy,46.6362953,-80.3850479,HENRY_CRERAR_6
23,NOR-KLOCKS_7,30,Nipissing,North Bay,8.8813524,2021,2006,PWST,2006,SH,PWST-PWUS-I1,PWUS,PW PR SW SB SR OR,0.8000000,NFRM,Ground,2019,PW  50MR  10BW  10SB  10SW  10BF  10,0.8000000,PWUS,,,N,2118.510764643780931,88813.520432251738384,Francisco Murphy,46.2033424,-78.6006088,KLOCKS_7
24,NOR-DAVENTRY_8,30,Nipissing,North Bay,12.9607182,2021,2010,MW,2010,CC,MW-MW-E,MW,PW PR PJ SW SB HE CE MH MR BD BE OR CB BY,0.6000000,NFRM,Ground,2019,BE  60MH  30HE  10,1.0000000,HDUS,,,N,3755.245149362827760,129607.183972225699108,Francisco Murphy,46.1206322,-78.7168045,DAVENTRY_8
25,NOR-DAVENTRY_9,30,Nipissing,North Bay,14.3094416,2021,2010,MW,2010,CC,MW-MW-E,MW,PW PR PJ SW SB HE CE MH MR BD BE OR CB BY,0.6000000,NFRM,Ground,2019,MH  40BW  20BY  10SW  10BF  10MR  10,0.8000000,HDUS,,,N,2947.967416075211077,143094.414979085617233,Francisco Murphy,46.1276207,-78.7109070,DAVENTRY_9
26,NOR-DAVENTRY_10,30,Nipissing,North Bay,8.2133389,2021,2013,HDUS,2013,SH,HDUS-BY-ST,BY,BY MH OR CB,0.8000000,NFRM,Ground,2019,MR  30MH  30BY  20BF  10BE  10,0.8000000,HDUS,,,N,2244.416774415415603,82133.386426289536757,Francisco Murphy,46.1378555,-78.7428131,DAVENTRY_10
27,Tim-Test-01,30,Abitibi River,Timmins,2.8642721,2022,2015,PJ1,2015,CC,PJ1-Ext-PJ2,PJ2,"PJ, SB",0.8000000,FRMG,Aerial,2021,PJ  50SB  30BF  20,0.7500000,PJ1,1560,This is a test,Y,716.263549105311995,28642.720686185792147,,48.4947205,-81.3470001,Tim-Test-01
28,Tim-Test-02,30,Abitibi River,Timmins,19.1307354,2022,2015,SB1,2015,SH,SB1-Ext-PJ2,PJ2,"SB, PJ",0.8000000,FRMG,Aerial,2021,PJ  50SB  30BF  20,0.7500000,SB1,1650,This is a test,Y,1790.648471560885810,191307.353199975535972,,48.4983635,-81.3432159,Tim-Test-02
29,SAU-7205,70,Algoma,Sault Ste. Marie,80.7087326,2022,2008,SbPur,2010,CC,SbPur.1.SbPur,SbLo,Sb,0.8000000,CFMI,DAP,2022, ,0.0000000, ,0,KBM DAP,N,0.156223253137000,807087.307223559590057,Lucie Harvey,47.3031845,-83.5800934,7205
30,SAU-734,30,Algoma,Sault Ste. Marie,8.8314209,2022,2010,SbLo,2013,CC,SbLo.1Int2.SbLo,SbLo,Sb,0.7000000,CFMI,DAP,2022, ,0.0000000, ,0,KBM DAP,N,0.021010715888300,88314.207901632064022,Lucie Harvey,46.9475670,-83.8388214,734
31,SAU-7835,52,Algoma,Sault Ste. Marie,52.6985588,2022,2009,SbPur,2012,CC,SbPur.1.SbPur,SbLo,Sb,0.8000000,CFMI,DAP,2022, ,0.0000000, ,0,KBM DAP,N,0.055195855721700,526985.582035250496119,Lucie Harvey,47.6423874,-83.8953476,7835
32,SAU-N7411,30,Algoma,Sault Ste. Marie,28.0770855,2022,2009,SbPur,2010,CC,SbPur.1.SbPur,SbLo,Sb,0.8000000,CFMI,DAP,2022, ,0.0000000, ,0,KBM DAP,N,0.040146924493900,280770.847817100875545,Lucie Harvey,46.9037437,-83.6657791,N7411
33,SAU-7400A,31,Algoma,Sault Ste. Marie,31.8160076,2022,2007,MxC,2008,CC,MxC.046.MxC,SbPur,"Pj, Sb, Sw, Pw",0.8000000,CFMI,DAP,2022, ,0.0000000, ,0,KBM DAP,N,0.054750818505500,318160.081386292935349,Lucie Harvey,46.7934227,-83.9319153,7400A
34,SAU-6705,34,Algoma,Sault Ste. Marie,76.7944565,2021,2009,SbPur,2012,CC,SbPur.1.SbPur,SbLo,Sb,0.8000000,CFMI,DAP,2022, ,0.0000000, ,0,KBM DAP,N,0.182369509651000,767944.597783977049403,Lucie Harvey,47.4661713,-84.0461655,6705
35,SAU-6706,30,Algoma,Sault Ste. Marie,9.8584938,2022,2010,SbLo,2013,CC,SbLo.1Int2.SbLo,SbLo,Sb,0.7000000,CFMI,DAP,2022, ,0.0000000, ,0,KBM DAP,N,0.030190414730300,98584.939946723723551,Lucie Harvey,47.4594917,-84.1449432,6706